City,Cloudiness,Country,Date,Humidity,Lat,Lng,Max Temp,Wind Speed
Salalah,0,OM,1618515572,78,17.0151,54.0924,80.6,5.75
Gaurnadi,100,BD,1618515707,71,22.9667,90.2333,79.99,6.24
Littlehampton,20,GB,1618515450,61,50.8069,-0.5378,45.0,11.5
Buala,10,SB,1618515707,81,-8.145,159.5921,79.56,2.13
Longonjo,100,AO,1618515708,85,-12.9067,15.2533,64.62,1.39
Port-Gentil,20,GA,1618515544,83,-0.7193,8.7815,82.4,6.91
Qaanaaq,9,GL,1618515708,75,77.484,-69.3632,1.53,3.22
Klaksvík,90,FO,1618515708,100,62.2266,-6.589,44.6,16.11
Ushuaia,20,AR,1618515709,32,-54.8,-68.3,53.6,5.75
Vestmannaeyjar,100,IS,1618515709,95,63.4427,-20.2734,46.78,31.88
Bluff,78,NZ,1618515710,95,-46.6,168.3333,50.0,1.01
Golspie,38,GB,1618515710,84,57.9727,-3.978,42.01,3.0
Sungai Penuh,100,ID,1618515710,96,-2.0833,101.3833,63.23,2.42
Muroto-misakicho,97,JP,1618515711,84,33.2833,134.15,61.92,21.83
Khatanga,100,RU,1618515554,94,71.9667,102.5,9.68,12.64
Lorengau,100,PG,1618515711,78,-2.0226,147.2712,80.56,6.64
Port Elizabeth,90,ZA,1618515528,88,-33.918,25.5701,62.6,8.05
Airai,84,TL,1618515711,78,-8.9266,125.4092,56.32,2.28
Busselton,56,AU,1618515712,94,-33.65,115.3333,55.99,8.68
Albany,100,US,1618515459,78,42.6001,-73.9662,52.0,7.43
Hilo,90,US,1618515712,68,19.7297,-155.09,73.99,4.61
Port Alfred,98,ZA,1618515713,55,-33.5906,26.891,67.66,23.98
Kapaa,40,US,1618515713,65,22.0752,-159.319,77.0,9.22
Karratha,0,AU,1618515713,46,-20.7377,116.8463,79.81,14.47
Khovd,3,MN,1618515714,42,48.0056,91.6419,37.13,2.28
Sibolga,78,ID,1618515598,88,1.7427,98.7792,75.99,3.24
Rikitea,74,PF,1618515617,74,-23.1203,-134.9692,77.94,7.94
Paamiut,99,GL,1618515561,71,61.994,-49.6678,22.59,38.45
At-Bashi,100,KG,1618515714,68,41.1702,75.8106,44.94,3.2
Tocopilla,20,CL,1618515715,69,-22.092,-70.1979,69.17,6.49
Ribeira Grande,75,PT,1618515715,82,38.5167,-28.7,64.4,6.91
Big Spring,90,US,1618515544,93,32.2504,-101.4787,52.0,9.22
Kaitangata,28,NZ,1618515557,90,-46.2817,169.8464,52.0,1.99
Naze,100,JP,1618515716,80,28.3667,129.4833,64.18,7.49
Tasiilaq,90,GL,1618515716,86,65.6145,-37.6368,30.2,19.57
Yokadouma,60,CM,1618515716,63,3.5167,15.05,76.55,1.16
Kasongo-Lunda,100,CD,1618515717,95,-6.4667,16.8167,71.56,1.32
Maricá,20,BR,1618515655,65,-22.9194,-42.8186,78.8,13.8
Butaritari,100,KI,1618515461,74,3.0707,172.7902,82.22,9.22
Saint-Augustin,98,CA,1618515717,81,51.226,-58.6502,37.08,15.1
East London,100,ZA,1618515718,75,-33.0153,27.9116,67.17,24.61
Castro,83,BR,1618515616,69,-24.7911,-50.0119,67.93,6.22
Vila do Maio,75,CV,1618515718,68,15.1333,-23.2167,73.4,23.02
Codrington,100,AU,1618515718,56,-38.2667,141.9667,54.59,9.46
Torbat-e Jām,100,IR,1618515622,49,35.244,60.6225,60.24,13.06
Mataura,74,NZ,1618515719,95,-46.1927,168.8643,50.0,1.01
Hobart,40,AU,1618515645,65,-42.8794,147.3294,44.6,5.75
Atuona,35,PF,1618515719,66,-9.8,-139.0333,81.16,19.15
Nyurba,63,RU,1618515720,96,63.2842,118.3319,10.15,5.39
Esperance,13,AU,1618515720,93,-33.8667,121.9,51.8,5.75
Mahébourg,75,MU,1618515720,94,-20.4081,57.7,77.0,8.05
Itoman,75,JP,1618515721,88,26.1247,127.6694,68.0,10.36
Lompoc,2,US,1618515626,72,34.6391,-120.4579,62.01,14.97
Tiksi,94,RU,1618515721,100,71.6872,128.8694,-5.21,2.48
Norman Wells,75,CA,1618515721,60,65.282,-126.8329,41.0,3.44
Bredasdorp,11,ZA,1618515528,72,-34.5322,20.0403,62.6,10.36
Leningradskiy,100,RU,1618515722,89,69.3833,178.4167,21.31,8.7
Asău,16,RO,1618515723,46,46.4333,26.4,39.99,2.68
Kavieng,100,PG,1618515587,81,-2.5744,150.7967,80.06,7.0
Novo Aripuanã,100,BR,1618515723,72,-5.1206,-60.3797,84.43,3.8
Sivaki,100,RU,1618515723,53,52.6333,126.75,29.5,4.83
Eidsvåg,0,NO,1618515724,81,62.7767,8.0668,42.8,3.6
Punta Arenas,75,CL,1618515724,62,-53.15,-70.9167,53.6,14.97
Thompson,75,CA,1618515451,26,55.7435,-97.8558,42.8,3.44
Jinchang,0,CN,1618515725,20,38.4953,102.1739,43.43,5.19
Barra Patuca,100,HN,1618515725,64,15.8,-84.2833,84.06,11.48
Provideniya,75,RU,1618515725,79,64.3833,-173.3,14.0,6.71
Vozrozhdeniye,45,RU,1618515726,91,44.5503,38.2136,47.32,0.92
Moose Factory,90,CA,1618515530,86,51.2585,-80.6094,33.8,11.5
Avarua,75,CK,1618515726,78,-21.2078,-159.775,80.6,6.91
Yar-Sale,52,RU,1618515726,88,66.8333,70.8333,-0.45,15.14
Monrovia,20,LR,1618515727,83,6.3005,-10.7969,82.4,5.75
New Norfolk,45,AU,1618515727,85,-42.7826,147.0587,44.01,3.38
Maţāy,8,EG,1618515728,19,28.419,30.7792,75.11,9.86
Vaini,20,TO,1618515525,88,-21.2,-175.2,75.2,5.75
Ati,0,TD,1618515728,6,13.2154,18.3353,85.01,11.01
Praia,75,CV,1618515729,68,14.9215,-23.5087,73.4,23.02
Aban,99,RU,1618515729,91,56.67,96.06,35.91,14.23
Sørland,40,NO,1618515586,87,67.667,12.6934,41.0,3.44
Hermanus,11,ZA,1618515729,76,-34.4187,19.2345,66.0,5.99
Nikolskoye,0,RU,1618515559,33,59.7035,30.7861,42.8,8.95
Hope,100,US,1618515730,41,33.6671,-93.5916,68.0,4.0
Chui,100,UY,1618515730,87,-33.6971,-53.4616,69.03,4.56
Ambon City,100,ID,1618515731,92,-3.6954,128.1814,79.0,6.85
Faanui,21,PF,1618515731,74,-16.4833,-151.75,82.2,14.16
Fortuna,20,US,1618515492,72,40.5982,-124.1573,63.0,9.22
Upernavik,100,GL,1618515731,87,72.7868,-56.1549,-3.75,1.95
Kloulklubed,90,PW,1618515732,94,7.0419,134.2556,75.2,39.12
Merauke,47,ID,1618515714,86,-8.4667,140.3333,77.04,10.47
Kaka,90,TM,1618515732,45,37.3482,59.6143,64.31,2.1
Comodoro Rivadavia,0,AR,1618515724,30,-45.8667,-67.5,69.8,12.66
Hithadhoo,57,MV,1618515624,69,-0.6,73.0833,82.36,4.7
Amga,92,RU,1618515733,99,60.8953,131.9608,7.77,2.98
Buin,0,CL,1618515733,31,-33.7333,-70.75,78.8,5.75
Laguna,1,US,1618515733,39,38.421,-121.4238,71.01,5.75
Cape Town,0,ZA,1618515534,72,-33.9258,18.4232,66.2,18.41
Guerrero Negro,94,MX,1618515548,50,27.9769,-114.0611,65.79,17.65
Hofn,100,IS,1618515734,97,64.2539,-15.2082,45.05,26.33
Cherskiy,100,RU,1618515734,94,68.75,161.3,16.3,6.13
Berlevåg,75,NO,1618515644,93,70.8578,29.0864,30.2,9.22
Khani,75,GE,1618515735,67,41.9563,42.9566,57.2,9.22
Batagay-Alyta,68,RU,1618515684,94,67.8006,130.4114,-12.5,6.04
Rocha,35,UY,1618515735,82,-34.4833,-54.3333,70.43,8.05
Hong Kong,100,HK,1618515736,94,22.2855,114.1577,73.0,1.99
Puerto Escondido,40,MX,1618515736,74,15.85,-97.0667,87.8,8.05
Buenos Aires,20,AR,1618515503,69,-34.6132,-58.3772,75.99,5.75
Souillac,75,MU,1618515728,94,-20.5167,57.5167,77.0,8.05
Dikson,100,RU,1618515737,95,73.5069,80.5464,-10.16,17.87
Mar del Plata,40,AR,1618515737,57,-38.0023,-57.5575,75.2,8.05
Jamestown,90,US,1618515439,60,42.097,-79.2353,44.01,17.27
Saint Anthony,75,US,1618515738,57,45.0205,-93.218,50.0,10.36
George Town,20,MY,1618515724,89,5.4112,100.3354,80.6,4.61
Maralal,84,KE,1618515738,71,1.0968,36.698,63.41,9.06
Saryg-Sep,21,RU,1618515738,69,51.5,95.6,30.0,3.91
Vadsø,75,NO,1618515739,93,70.0744,29.7487,32.0,5.75
Barrow,1,US,1618515637,79,71.2906,-156.7887,10.4,6.91
San Quintín,100,MX,1618515739,58,30.4833,-115.95,61.95,18.25
Yellowknife,20,CA,1618515461,48,62.456,-114.3525,41.0,14.97
Padang,100,ID,1618515740,83,-0.9492,100.3543,76.64,2.28
Ponta do Sol,40,PT,1618515635,72,32.6667,-17.1,64.4,11.5
Puri,75,IN,1618515740,57,19.8,85.85,80.6,11.5
Balyqshy,40,KZ,1618515741,72,47.0667,51.8667,59.0,15.66
Tūkrah,82,LY,1618515741,74,32.5341,20.5791,58.93,19.37
Lata,42,PT,1618515741,85,40.1629,-8.3327,63.0,8.01
Havre-St-Pierre,1,CA,1618515741,75,50.2334,-63.5986,39.2,14.97
Ostrovnoy,97,RU,1618515695,92,68.0531,39.5131,24.39,4.68
Mitchell,90,US,1618515742,61,43.7094,-98.0298,42.8,5.75
Ningxiang,0,CN,1618515742,27,37.34,111.2052,39.15,4.56
Arraial do Cabo,20,BR,1618515743,65,-22.9661,-42.0278,80.6,11.5
Psebay,27,RU,1618515743,89,44.1234,40.8107,45.01,4.43
Hammerfest,75,NO,1618515445,93,70.6634,23.6821,35.6,11.5
Dukat,100,RU,1618515744,95,62.55,155.55,12.9,4.45
Lebu,56,CL,1618515623,76,-37.6167,-73.65,59.02,11.99
Tuatapere,100,NZ,1618515744,95,-46.1333,167.6833,50.0,1.01
San Ignacio,40,BZ,1618515745,44,17.1561,-89.0714,96.8,6.91
Okhotsk,41,RU,1618515745,86,59.3833,143.3,7.36,3.27
Painesville,90,US,1618515448,81,41.7245,-81.2457,44.01,14.97
Flinders,43,AU,1618515745,54,-34.5833,150.8552,60.01,10.36
Gornopravdinsk,100,RU,1618515746,88,60.05,69.9,39.69,8.93
Iqaluit,75,CA,1618515746,72,63.7506,-68.5145,6.8,20.71
Puro,100,PH,1618515746,84,12.4841,123.3827,79.47,8.68
Havøysund,75,NO,1618515747,81,70.9963,24.6622,37.4,21.85
Weihe,100,CN,1618515747,61,32.9952,105.3247,48.06,1.97
Katsuura,75,JP,1618515578,66,35.1333,140.3,52.0,9.22
Lucapa,42,AO,1618515748,93,-8.4192,20.7447,65.64,3.42
Chekhov,100,RU,1618515748,77,55.1431,37.4711,55.99,11.23
Dauphin,90,CA,1618515748,60,51.1494,-100.0502,35.6,4.61
San Nicolas,9,PH,1618515749,79,18.1725,120.5953,77.86,4.47
Magaria,72,NE,1618515749,7,12.9983,8.9099,84.4,7.52
Alanya,0,TR,1618515554,88,36.5438,31.9998,57.2,3.44
Narsaq,75,GL,1618515749,44,60.9167,-46.05,35.6,14.97
Kintinku,20,TZ,1618515750,83,-5.8833,35.2333,69.8,9.22
Carnarvon,0,AU,1618515750,29,-24.8667,113.6333,73.94,15.39
Monterey,1,US,1618515750,51,36.2505,-121.2516,69.01,5.37
Saint George,20,US,1618515751,16,37.1041,-113.5841,68.0,19.57
Talcahuano,0,CL,1618515662,60,-36.7167,-73.1167,69.8,9.22
Nobeoka,51,JP,1618515751,76,32.5833,131.6667,46.99,1.99
Vardø,75,NO,1618515569,86,70.3705,31.1107,30.2,5.75
Kahului,20,US,1618515522,61,20.8947,-156.47,78.8,16.11
Kano,0,NG,1618515752,23,12.0001,8.5167,86.0,2.3
Dehui,0,CN,1618515752,21,44.5333,125.7,48.2,13.42
Kampong Thom,25,KH,1618515753,72,12.7111,104.8887,81.86,5.35
Nanortalik,28,GL,1618515541,73,60.1432,-45.2371,27.77,40.09
Margate,20,GB,1618515753,69,51.3813,1.3862,46.99,4.0
Pevek,100,RU,1618515754,77,69.7008,170.3133,18.99,23.02
Qena,0,EG,1618515754,22,26.1615,32.7183,80.6,3.44
Cabo San Lucas,20,MX,1618515581,44,22.8909,-109.9124,84.0,9.22
Trairi,100,BR,1618515673,79,-3.2778,-39.2689,81.19,10.96
Shache,100,CN,1618515755,33,38.4167,77.2406,61.09,14.54
Nianzishan,100,CN,1618515755,82,47.5167,122.8833,39.24,12.08
Mońki,100,PL,1618515755,89,53.405,22.7979,41.0,10.58
Bembèrèkè,85,BJ,1618515756,19,10.2283,2.6634,92.59,3.15
Wardenburg,0,DE,1618515756,61,53.0667,8.2,42.8,8.05
Tiznit Province,100,MA,1618515756,86,29.5833,-9.5,57.15,13.89
Talnakh,100,RU,1618515757,93,69.4865,88.3972,-6.52,21.41
Mackay,2,AU,1618515757,94,-21.15,149.2,64.4,5.75
Owando,99,CG,1618515757,93,-0.4819,15.8999,71.96,5.03
Piaçabuçu,100,BR,1618515758,80,-10.4056,-36.4344,78.48,7.02
San Patricio,90,US,1618515758,100,28.017,-97.5169,73.0,19.57
St. George's,75,GD,1618515460,70,12.0564,-61.7485,86.0,21.85
Bambanglipuro,96,ID,1618515705,87,-7.95,110.2833,75.92,2.3
Acapulco de Juárez,40,MX,1618515756,66,16.8634,-99.8901,86.0,10.36
Tuktoyaktuk,90,CA,1618515543,93,69.4541,-133.0374,19.4,17.27
Lagoa,35,PT,1618515665,80,39.05,-27.9833,62.89,4.61
Mirny,100,RU,1618515759,86,62.5353,113.9611,21.43,11.18
Kungurtug,12,RU,1618515759,89,50.5994,97.5228,15.35,2.28
Teguise,20,ES,1618515760,64,29.0605,-13.564,69.8,11.5
Saint Paul Harbor,90,US,1618515683,87,57.79,-152.4072,37.4,8.05
Kruisfontein,100,ZA,1618515760,84,-34.0033,24.7314,64.99,1.99
College,75,US,1618515760,60,64.8569,-147.8028,42.8,1.61
Scarborough,0,GB,1618515761,79,54.2797,-0.4044,41.0,1.01
Quepos,75,CR,1618515761,94,9.4236,-84.1652,71.6,5.75
Matara,98,LK,1618515761,87,5.9485,80.5353,77.61,4.05
Alihe,100,CN,1618515762,68,50.5667,123.7167,31.71,8.37
Fukuechō,100,JP,1618515762,80,32.6881,128.8419,60.31,16.91
Gilgit,100,PK,1618515762,87,35.9221,74.3087,53.76,3.65
Kurumkan,43,RU,1618515763,78,54.3,110.3,24.55,4.83
Arlit,4,NE,1618515763,6,18.7369,7.3853,88.59,3.67
Ilulissat,75,GL,1618515763,67,69.2167,-51.1,12.2,9.22
Masvingo,0,ZW,1618515764,66,-20.0637,30.8277,60.08,4.72
Henties Bay,37,NA,1618515764,52,-22.116,14.2845,76.73,4.9
Bubaque,43,GW,1618515711,73,11.2833,-15.8333,77.45,17.52
Bengkulu,100,ID,1618515745,90,-3.8004,102.2655,73.72,5.32
Nelson Bay,11,AU,1618515765,77,-32.7167,152.15,60.01,6.91
Bahía Honda,5,CU,1618515765,46,22.9036,-83.1592,87.19,5.93
Sept-Îles,20,CA,1618515765,46,50.2001,-66.3821,46.99,16.11
Nizhniy Lomov,100,RU,1618515766,60,53.5304,43.6766,55.6,6.06
Forsytheganj,63,BY,1618515675,94,52.6333,29.7333,44.82,6.11
Morondava,46,MG,1618515766,82,-20.2833,44.2833,78.55,9.19
Gladstone,5,AU,1618515767,88,-23.85,151.25,64.4,6.91
Port Moresby,75,PG,1618515767,100,-9.4431,147.1797,75.2,3.44
Hasaki,20,JP,1618515526,93,35.7333,140.8333,41.0,5.75
Saint-Philippe,0,RE,1618515768,78,-21.3585,55.7679,77.0,5.75
Seoul,90,KR,1618515768,53,37.5683,126.9778,50.0,2.3
Krasnosel'kup,100,RU,1618515768,90,65.7,82.4667,7.14,18.99
Auburn,1,US,1618515769,37,47.3073,-122.2284,73.0,5.75
Cayenne,75,GF,1618515740,78,4.9333,-52.3333,82.4,11.5
Kourou,75,GF,1618515769,78,5.1552,-52.6478,82.4,11.5
Zacatepec,75,MX,1618515770,20,18.65,-99.2,96.01,3.6
Salinas,1,US,1618515770,51,36.6777,-121.6555,64.99,8.7
Charter Township of Clinton,75,US,1618515493,93,42.587,-82.9199,46.99,12.66
Labuhan,86,ID,1618515771,87,-6.8844,112.2051,76.75,5.37
Beckley,90,US,1618515771,53,37.7782,-81.1882,57.2,17.27
Yeppoon,4,AU,1618515771,88,-23.1333,150.7333,62.6,4.09
Fort Nelson,40,CA,1618515772,43,58.8053,-122.7002,51.8,2.04
Alofi,23,NU,1618515642,88,-19.0595,-169.9187,75.2,1.14
Bogorodskoye,100,RU,1618515673,86,56.55,37.8833,46.13,14.92
Tateyama,100,JP,1618515772,74,34.9833,139.8667,52.0,8.08
Kushmurun,0,KZ,1618515773,43,52.4503,64.6311,49.6,3.58
Natal,40,BR,1618515773,74,-5.795,-35.2094,84.2,19.57
Tautira,40,PF,1618515773,70,-17.7333,-149.15,86.0,16.11
Roswell,1,US,1618515098,32,34.0232,-84.3616,70.0,13.8
Vestmanna,73,FO,1618515774,100,62.1564,-7.1664,44.6,16.11
Simi,69,SL,1618515774,60,9.5667,-12.35,84.94,8.05
Longyearbyen,75,SJ,1618515774,68,78.2186,15.6401,23.0,14.97
Hashtgerd,0,IR,1618515775,23,35.9642,50.6858,59.0,6.91
Alamosa,20,US,1618515775,12,37.4695,-105.87,59.0,26.46
Tiarei,40,PF,1618515775,70,-17.5333,-149.3333,86.0,16.11
Bathsheba,75,BB,1618515776,61,13.2167,-59.5167,84.2,17.27
Nichinan,83,JP,1618515776,68,31.6,131.3667,57.54,5.1
Hailar,100,CN,1618515776,84,49.2,119.7,28.58,16.98
San Cristobal,40,VE,1618515777,58,7.7669,-72.225,87.8,9.22
Dudinka,100,RU,1618515777,92,69.4058,86.1778,-12.12,19.26
Yichang,100,CN,1618515777,69,30.7144,111.2847,63.0,1.01
Hamilton,75,US,1618515778,40,39.1834,-84.5333,55.0,12.66
Balabac,100,PH,1618515778,80,7.9868,117.0645,80.01,6.24
Opole Voivodeship,100,PL,1618515780,99,50.5,18.0,33.01,8.01
Goderich,100,CA,1618515780,93,43.7501,-81.7165,37.4,11.5
Yerofey Pavlovich,96,RU,1618515780,88,53.9667,121.9667,20.43,4.03
Nishihara,75,JP,1618515781,88,26.1842,127.7558,68.0,10.36
Kitimat,84,CA,1618515781,52,54.0524,-128.6534,63.0,2.66
Vao,100,NC,1618515781,83,-22.6667,167.4833,74.88,19.93
Kangaatsiaq,100,GL,1618515782,81,68.3065,-53.4641,6.03,19.22
Solingen,20,DE,1618515782,56,51.1833,7.0833,45.0,3.44
São Filipe,0,CV,1618515627,73,14.8961,-24.4956,73.45,16.96
Mpika,63,ZM,1618515486,85,-11.8343,31.4529,59.02,5.28
Dejen,100,ET,1618515783,54,10.1667,38.1333,62.74,1.9
Meadow Lake,20,US,1618515783,13,34.8014,-106.5436,73.99,12.66
Hay River,59,CA,1618515645,35,60.8156,-115.7999,53.6,10.36
Ilhabela,49,BR,1618515783,68,-23.7781,-45.3581,75.33,9.82
Clyde River,20,CA,1618515656,72,70.4692,-68.5914,6.8,25.32
Saskylakh,95,RU,1618515557,100,71.9167,114.0833,-13.85,5.64
Vallenar,75,CL,1618515540,34,-28.5708,-70.7581,81.57,8.3
Chapais,20,CA,1618515784,17,49.7834,-74.8492,62.6,12.66
Ndélé,5,CF,1618515784,10,8.4109,20.6473,81.63,3.69
Belyy Yar,0,RU,1618515785,75,53.6039,91.3903,37.4,4.47
Aksu,96,CN,1618515785,28,41.1231,80.2644,60.82,3.78
Cap Malheureux,78,MU,1618515785,86,-19.9842,57.6142,78.01,5.99
Davila,11,PH,1618515786,82,18.4726,120.5763,79.05,13.27
Boundiali,38,CI,1618515786,47,9.5217,-6.4869,82.6,2.01
Port Keats,20,AU,1618515786,73,-14.25,129.55,74.43,2.68
Puerto del Rosario,40,ES,1618515711,60,28.5004,-13.8627,69.8,17.27
Ngunguru,9,NZ,1618515787,96,-35.6167,174.5,55.0,1.99
Shellbrook,20,CA,1618515787,21,53.2168,-106.4011,57.2,10.36
Abadan,3,TM,1618515788,45,38.0507,58.2056,62.6,4.61
Wattegama,40,LK,1618515788,100,6.7989,81.4808,77.0,2.3
Inhambane,0,MZ,1618515788,83,-23.865,35.3833,71.6,5.84
Melfi,75,IT,1618515789,87,40.9965,15.6514,41.0,12.66
Lixouri,95,GR,1618515789,63,38.2019,20.4314,54.7,12.82
Brae,100,GB,1618515789,76,60.3964,-1.353,44.6,8.05
Nouadhibou,0,MR,1618515789,68,20.931,-17.0347,69.8,21.85
Belaya Gora,100,RU,1618515790,100,68.5333,146.4167,-14.57,1.39
Mareeba,90,AU,1618515790,83,-17.0,145.4333,71.6,2.13
Kulhudhuffushi,43,MV,1618515790,72,6.6221,73.07,83.1,4.97
Nikolayevka,100,RU,1618515791,60,53.1257,47.2041,54.7,3.33
Road Town,20,VG,1618515791,54,18.4167,-64.6167,82.4,8.05
Kostomuksha,7,RU,1618515791,93,64.571,30.5767,29.95,4.79
Imbituba,40,BR,1618515792,54,-28.24,-48.6703,80.6,11.5
Kavaratti,4,IN,1618515792,71,10.5669,72.642,83.95,6.69
Kasamwa,58,TZ,1618515792,85,-2.85,32.4333,64.09,3.04
Catia La Mar,40,VE,1618515793,66,10.6038,-67.0303,87.8,3.44
Portland,20,US,1618515018,32,45.5234,-122.6762,71.01,4.61
Maragogi,100,BR,1618515793,89,-9.0122,-35.2225,74.84,3.91
Oniceni,75,RO,1618515794,70,46.8167,27.15,45.0,6.91
Constitución,6,CL,1618515656,62,-35.3333,-72.4167,66.63,14.45
Tortolì,20,IT,1618515794,67,39.9256,9.6572,55.4,5.75
Cidreira,100,BR,1618515795,69,-30.1811,-50.2056,73.29,13.04
Deputatsky,91,RU,1618515795,95,69.3,139.9,-16.8,4.59
Torbay,90,CA,1618515795,100,47.6666,-52.7314,34.0,16.11
Opuwo,99,NA,1618515796,58,-18.0607,13.84,70.41,1.48
Palmer,90,US,1618515796,93,42.1584,-72.3287,48.2,10.36
Mīrābād,73,AF,1618515796,34,30.4362,61.8383,73.22,8.93
Egvekinot,100,RU,1618515797,95,66.3167,-179.1667,6.21,6.02
Beringovskiy,100,RU,1618515666,93,63.05,179.3167,26.24,12.68
Gushikawa,75,JP,1618515635,83,26.3544,127.8686,68.0,3.44
Khotyn,100,UA,1618515797,83,48.4833,26.5,39.99,5.01
Arrondissement de Bastia,90,FR,1618515798,81,42.6667,9.3333,52.0,3.44
Grindavik,90,IS,1618515798,100,63.8424,-22.4338,46.4,29.93
Itzehoe,51,DE,1618515798,66,53.921,9.5153,41.0,6.35
Pisco,0,PE,1618515799,78,-13.7,-76.2167,69.8,10.36
Le Vauclin,75,MQ,1618515799,66,14.5452,-60.8388,86.0,14.97
Tākestān,0,IR,1618515799,76,36.0696,49.6959,48.2,8.79
Bilma,7,NE,1618515800,6,18.6853,12.9164,88.34,9.57
Port Hardy,1,CA,1618515640,66,50.6996,-127.4199,50.0,5.75
Portree,8,GB,1618515800,49,57.4129,-6.1942,46.99,11.99
Kichera,100,RU,1618515801,85,55.9375,110.0997,17.02,2.57
Bose,92,IT,1618515801,80,45.4612,8.0137,44.01,4.0
Humberto de Campos,87,BR,1618515801,77,-2.5983,-43.4611,82.09,7.02
Lázaro Cárdenas,0,MX,1618515657,48,17.9583,-102.2,85.51,11.36
Rome,90,US,1618515802,81,43.2128,-75.4557,42.8,10.36
Barreirinha,100,BR,1618515802,73,-2.7933,-57.07,84.61,2.95
Ust'-Karsk,100,RU,1618515802,79,52.7011,118.8077,25.25,4.07
Farafangana,18,MG,1618515803,88,-22.8167,47.8333,74.79,6.53
Bethel,100,US,1618515803,96,41.3712,-73.414,50.0,1.01
Aklavik,90,CA,1618515803,73,68.2191,-135.0107,19.4,11.5
Balaipungut,100,ID,1618515804,98,1.05,101.2833,74.34,2.89
Verāval,0,IN,1618515804,76,20.9,70.3667,78.55,12.48
Kholodnyy,100,RU,1618515543,100,62.7167,147.95,-8.5,0.29
Derzhavīnsk,0,KZ,1618515805,51,51.1,66.3167,47.8,6.35
Srednekolymsk,100,RU,1618515698,94,67.45,153.6833,7.61,5.03
Great Yarmouth,29,GB,1618515805,81,52.6083,1.7305,42.8,4.61
Neiafu,20,TO,1618515806,94,-18.65,-173.9833,69.8,5.55
Husavik,40,IS,1618515806,66,66.0449,-17.3389,50.0,24.16
Ada,1,US,1618515806,35,43.4166,-116.1262,55.99,4.61
Broome,90,US,1618515807,93,42.2506,-75.833,45.0,10.36
Manta,98,EC,1618515807,70,-0.95,-80.7333,80.53,10.85
Zlobin,20,HR,1618515807,43,45.2924,14.6541,48.2,3.44
Lahaina,20,US,1618515808,61,20.8783,-156.6825,78.8,16.11
Muravlenko,53,RU,1618515808,92,63.7898,74.523,25.97,16.75
Alice Springs,90,AU,1618515729,63,-23.7,133.8833,60.8,6.91
Bambous Virieux,75,MU,1618515809,94,-20.3428,57.7575,78.01,8.05
Kernersville,75,US,1618515809,39,36.1199,-80.0736,66.0,12.66
Qaqortoq,75,GL,1618515809,44,60.7167,-46.0333,35.6,14.97
Noumea,75,NC,1618515810,100,-22.2763,166.4572,77.0,3.44
Geraldton,2,AU,1618515570,52,-28.7667,114.6,64.4,17.27
Rawson,0,AR,1618515652,28,-43.3002,-65.1023,67.48,6.46
Bollnäs,20,SE,1618515810,77,61.3482,16.3946,34.0,3.33
Vuktyl,71,RU,1618515811,77,63.8567,57.3094,25.9,9.98
Manokwari,100,ID,1618515811,74,-0.8667,134.0833,78.85,4.09
Zarya,0,RU,1618515811,62,55.7553,38.0958,55.0,15.66
Palmas,40,BR,1618515666,70,-10.2128,-48.3603,86.0,8.05
Pangkalanbuun,76,ID,1618515812,98,-2.6833,111.6167,72.86,0.49
Vanavara,100,RU,1618515812,95,60.34,102.2797,29.71,16.51
Chokurdakh,65,RU,1618515812,100,70.6333,147.9167,-20.85,1.28
Touros,40,BR,1618515798,74,-5.1989,-35.4608,84.2,12.66
Oneonta,100,US,1618515674,85,42.4529,-75.0638,42.01,5.48
Nizhniy Kuranakh,76,RU,1618515813,93,58.8353,125.4869,17.44,5.28
Soyo,100,AO,1618515813,82,-6.1349,12.3689,80.55,3.56
Severo-Yeniseyskiy,100,RU,1618515813,97,60.3725,93.0408,34.2,19.1
Rodolfo Sánchez Taboada,86,MX,1618515814,37,31.7167,-116.5667,64.99,8.99
Atambua,100,ID,1618515814,82,-9.1061,124.8925,69.49,3.94
Quthing,13,LS,1618515814,41,-30.4,27.7003,59.29,4.65
Vanimo,83,PG,1618515815,89,-2.6741,141.3028,76.6,4.12
Vila Velha,0,BR,1618515815,65,-20.3297,-40.2925,78.8,12.66
Te Anau,99,NZ,1618515815,94,-45.4167,167.7167,49.87,4.99
Alice Town,68,BS,1618515816,66,25.7167,-79.3,73.87,9.8
Zyryanovsk,100,KZ,1618515816,98,49.7386,84.2719,32.67,0.96
Kysyl-Syr,100,RU,1618515817,97,63.8986,122.7617,13.15,4.09
Tsimmerbude,90,RU,1618515817,57,54.675,20.1347,48.2,15.66
West Wendover,75,US,1618515817,46,40.7391,-114.0733,48.2,10.36
Santa Marta,71,CO,1618515818,71,11.2408,-74.199,85.14,15.59
Mayo,75,US,1618515818,45,38.8876,-76.5119,64.4,11.5
Iskateley,20,RU,1618515818,88,67.6803,53.1512,19.31,11.92
Isangel,10,VU,1618515819,85,-19.55,169.2667,79.16,5.41
Orguz,3,BA,1618515819,75,43.7739,16.8639,23.0,17.0
Hambantota,40,LK,1618515819,100,6.1241,81.1185,77.0,2.3
Luga,99,RU,1618515820,71,58.7372,29.8453,39.18,10.16
Svetlaya,82,RU,1618515820,64,46.5389,138.3297,34.5,3.8
Erzin,0,TR,1618515820,74,36.9559,36.2,62.01,2.28
Pangnirtung,20,CA,1618515821,66,66.1451,-65.7125,3.2,11.5
Puerto Carreño,26,CO,1618515821,47,6.189,-67.4859,91.27,3.27
Göksun,0,TR,1618515821,71,38.021,36.4973,55.4,2.3
Khanbari,100,NP,1618515822,30,27.3747,87.2039,68.36,5.1
Vigía del Fuerte,100,CO,1618515822,87,6.5789,-76.8863,83.05,2.53
Dekar,5,BW,1618515823,27,-21.5333,21.9333,70.18,5.41
Beyneu,32,KZ,1618515823,32,45.3167,55.2,61.79,2.06
Puerto Ayora,75,EC,1618515823,89,-0.7393,-90.3518,80.01,8.05
Sena Madureira,99,BR,1618515823,79,-9.0656,-68.6569,81.57,3.04
Mahibadhoo,95,MV,1618515824,71,3.7833,72.9667,83.05,9.82
Nome,1,US,1618515641,93,64.5011,-165.4064,21.99,4.61
Havelock,90,US,1618515824,64,34.8791,-76.9013,72.0,11.5
Luangwa,86,ZM,1618515825,65,-15.6167,30.4167,69.1,0.27
Namli,1,IN,1618515825,21,23.4333,75.05,83.1,13.35
Safaga,0,EG,1618515825,21,26.7292,33.9365,78.8,11.5
Sinnamary,97,GF,1618515826,83,5.3833,-52.95,80.01,15.21
Chara,6,RU,1618515826,72,56.9064,118.2631,9.1,2.06
Sitka,75,US,1618515653,87,57.0531,-135.33,42.8,3.44
Shwebo,100,MM,1618515826,27,22.5667,95.7,86.32,3.33
Nhulunbuy,64,AU,1618515827,88,-12.2333,136.7667,75.2,7.72
Petropavlovsk-Kamchatskiy,90,RU,1618515827,100,53.0452,158.6483,32.0,4.47
Aksarka,16,RU,1618515827,75,66.5606,67.7975,8.04,17.02
Şebinkarahisar,48,TR,1618515828,69,40.2883,38.4236,45.52,4.18
Arrondissement de Lannion,20,FR,1618515828,70,48.75,-3.4167,44.6,6.91
Rio Grande,75,BR,1618515828,88,-32.035,-52.0986,69.8,1.81
Port-Cartier,20,CA,1618515829,46,50.0334,-66.8654,46.99,16.11
Talara,40,PE,1618515829,54,-4.5772,-81.2719,86.0,16.11
Altay,0,CN,1618515707,39,47.8667,88.1167,42.51,6.49
Jackson,1,US,1618515830,27,42.4165,-122.8345,66.99,2.98
Marystown,100,CA,1618515672,71,47.1666,-55.1483,39.67,20.0
La Rioja,0,ES,1618515830,43,42.25,-2.5,50.0,4.61
Makkah al Mukarramah,100,SA,1618515582,44,21.4267,39.8261,82.51,2.19
Mossamedes,8,AO,1618515798,81,-15.1961,12.1522,80.44,8.1
Tambopata,20,PE,1618515831,55,-12.7333,-69.1833,91.4,3.44
Tartagal,70,AR,1618515633,68,-22.5164,-63.8013,78.4,3.65
Zirgan,0,RU,1618515831,78,53.2222,55.9185,46.24,3.13
Moyale,50,KE,1618515832,73,3.5167,39.0584,69.91,4.63
Umluj,0,SA,1618515832,42,25.0213,37.2685,78.64,6.26
Oranjestad,75,AW,1618515833,74,12.524,-70.027,86.0,21.85
Río Gallegos,0,AR,1618515833,25,-51.6226,-69.2181,62.6,18.41
Turukhansk,100,RU,1618515833,89,65.8167,87.9833,12.72,20.89
Arroio Grande,100,BR,1618515834,83,-32.2375,-53.0869,70.0,4.9
Mergen,100,CN,1618515834,97,49.1833,125.2167,33.26,16.08
Saint-Joseph,0,RE,1618515834,78,-21.3667,55.6167,77.0,5.75
Qasigiannguit,75,GL,1618515835,67,68.8193,-51.1922,12.2,9.22
Bereket,13,TM,1618515835,39,39.2446,55.5154,68.36,7.23
Bex,75,CH,1618515835,61,46.2521,7.0114,42.8,5.75
Chauk,93,MM,1618515836,56,20.8833,94.8167,84.79,8.23
Hannibal,75,US,1618515836,41,39.7084,-91.3585,55.4,10.36
Alamogordo,1,US,1618515544,14,32.8995,-105.9603,77.0,12.66
Ciudad Bolivar,99,VE,1618515837,39,8.1222,-63.5497,93.78,3.44
Sheridan,90,US,1618515777,75,44.8333,-106.9173,35.6,8.05
Fort Saint James,100,CA,1618515837,89,54.4333,-124.25,44.46,3.06
Córdoba,0,AR,1618515722,44,-31.4135,-64.1811,80.6,6.91
Namatanai,94,PG,1618515838,79,-3.6667,152.4333,78.84,3.87
Severo-Kuril'sk,35,RU,1618515838,67,50.6789,156.125,28.63,17.52
Udachny,100,RU,1618515838,95,66.4167,112.4,14.47,8.95
Colón,100,PA,1618515839,100,9.3592,-79.9014,81.0,13.0
Øksfjord,40,NO,1618515839,81,70.2396,22.3479,39.2,23.02
Arman',100,RU,1618515839,90,59.7,150.1667,19.44,5.59
Jalu,96,LY,1618515840,18,29.0331,21.5482,77.36,9.62
Inírida,99,CO,1618515560,80,3.8653,-67.9239,81.39,2.98
Rock Sound,5,BS,1618515840,65,24.9,-76.2,72.52,7.7
Alta Floresta,40,BR,1618515840,58,-9.8756,-56.0861,89.6,3.44
Ixtapa,1,MX,1618515841,65,20.7,-105.2,80.6,10.36
Paita,40,PE,1618515841,54,-5.0892,-81.1144,86.0,16.11
Terney,100,RU,1618515714,67,45.0503,136.6092,36.57,2.3
Ishigaki,40,JP,1618515841,86,24.3448,124.1572,74.23,11.14
Raja,49,SS,1618515842,11,8.4596,25.678,81.99,3.11
Oktyabr'skiy,42,RU,1618515842,60,54.4815,53.471,51.89,3.89
Ust-Tsilma,96,RU,1618515842,88,65.441,52.1498,29.41,3.85
Etchojoa,97,MX,1618515843,29,26.9167,-109.6333,91.99,13.78
Canto do Buriti,100,BR,1618515843,31,-8.11,-42.9444,91.51,6.93
São João da Barra,40,BR,1618515843,57,-21.6403,-41.0511,78.8,10.36
Kismayo,85,SO,1618515738,77,-0.3582,42.5454,83.03,11.92
Castlegar,0,CA,1618515594,29,49.2998,-117.6689,60.8,5.75
Dingle,100,PH,1618515844,89,10.9995,122.6711,76.32,5.06
Rundu,90,NA,1618515844,35,-17.9333,19.7667,68.7,6.49
Faya,40,SA,1618515845,48,18.3851,42.4509,66.2,11.5
La Ronge,1,CA,1618515688,34,55.1001,-105.2842,51.8,10.36
Novy Urengoy,97,RU,1618515845,90,66.0833,76.6333,3.76,16.69
Baghdad,0,IQ,1618515702,30,33.3406,44.4009,66.2,3.44
Teya,100,RU,1618515846,97,60.3778,92.6267,37.72,17.25
Spring Valley,20,US,1618515846,15,36.108,-115.245,72.0,13.8
Ucluelet,1,CA,1618515799,51,48.9329,-125.5528,62.01,3.44
Alaca,46,TR,1618515846,50,40.1683,34.8425,52.2,3.22
Yerbogachën,100,RU,1618515847,93,61.2767,108.0108,26.06,15.79
Konstantinovka,100,RU,1618515847,98,49.6167,127.9833,32.68,13.6
Marawi,100,PH,1618515847,91,7.9986,124.2928,75.99,1.99
Grand Gaube,76,MU,1618515848,86,-20.0064,57.6608,78.01,5.01
Vilcún,40,CL,1618515848,77,-38.65,-72.2333,64.4,8.05
Oytal,3,KZ,1618515848,55,42.9057,73.2697,55.09,4.65
Camp Verde,9,US,1618515849,17,34.5636,-111.8543,73.0,4.0
Sarnen,90,CH,1618515849,45,46.8985,8.2507,42.8,8.05
Port Lincoln,10,AU,1618515596,83,-34.7333,135.8667,57.99,5.17
Iquique,0,CL,1618515612,56,-20.2208,-70.1431,69.8,13.8
Kiama,59,AU,1618515850,54,-34.6833,150.8667,60.01,10.36
Sattahip,20,TH,1618515850,83,12.6664,100.9007,88.0,6.91
Norcasia,99,CO,1618515850,56,5.5778,-74.8852,87.1,3.56
Bowen,40,AU,1618515851,88,-20.0167,148.2333,68.0,5.75
Poum,92,NC,1618515851,80,-20.2333,164.0167,78.39,4.81
Cadillac,90,US,1618515676,93,44.2519,-85.4012,37.4,13.8
Fuxin,11,CN,1618515851,41,42.0156,121.6589,44.44,15.9
Harlingen,90,US,1618515792,70,26.1906,-97.6961,87.8,12.66
Luanda,40,AO,1618515810,78,-8.8368,13.2343,82.4,4.61
Dzaoudzi,15,YT,1618515852,89,-12.7887,45.2699,78.8,3.44
Kenai,40,US,1618515852,87,60.5544,-151.2583,37.4,5.75
Zapolyarnyy,20,RU,1618515615,93,69.4154,30.8136,32.0,5.75
Oudtshoorn,90,ZA,1618515853,100,-33.5907,22.2014,60.8,3.44
Yangi Marg`ilon,100,UZ,1618515629,51,40.4272,71.7189,60.8,2.3
Gizo Government Station,89,SB,1618515853,77,-8.103,156.8419,82.27,7.38
Zhigansk,98,RU,1618515854,96,66.7697,123.3711,12.43,8.61
Itaqui,43,BR,1618515854,61,-29.1253,-56.5531,81.43,8.59
Kasulu,40,TZ,1618515621,94,-4.5767,30.1025,73.4,1.23
Pacific Grove,1,US,1618515855,63,36.6177,-121.9166,59.0,8.05
Ormara,8,PK,1618515855,83,25.2088,64.6357,80.11,6.67
Heihe,40,CN,1618515855,51,50.2441,127.4902,33.8,8.95
Lamar,1,US,1618515856,52,33.6668,-95.5836,68.0,13.8
Laudio-Llodio,0,ES,1618515856,57,43.1432,-2.962,51.01,3.44
Perth,0,AU,1618515650,87,-31.9333,115.8333,60.01,4.61
Bonavista,100,CA,1618515856,80,48.6499,-53.1147,33.8,4.61
Nivala,3,FI,1618515857,84,63.9167,24.9667,30.06,2.84
Lamlash,20,GB,1618515857,81,55.5336,-5.1296,46.4,5.75
Halifax,20,CA,1618515597,70,44.6453,-63.5724,51.01,12.66
Cascais,20,PT,1618515858,88,38.6979,-9.4215,64.0,9.22
Marsá Maţrūḩ,0,EG,1618515858,59,31.3525,27.2453,66.2,9.22
Coos Bay,1,US,1618515858,58,43.3665,-124.2179,72.0,9.22
Smithers,1,CA,1618515821,38,54.7804,-127.1743,55.4,4.61
Kampot,40,KH,1618515859,89,10.6167,104.1833,78.8,1.14
Yoichi,100,JP,1618515859,41,43.2039,140.7703,35.01,8.12
Yulara,90,AU,1618515614,88,-25.2406,130.9889,60.8,5.75
Jiexiu,3,CN,1618515860,23,37.0244,111.9125,46.29,5.59
Tabou,65,CI,1618515860,78,4.423,-7.3528,81.81,8.12
Caldwell,1,US,1618515860,28,43.6629,-116.6874,59.0,8.05
Fairbanks,40,US,1618515849,65,64.8378,-147.7164,42.8,1.41
Caravelas,98,BR,1618515861,59,-17.7125,-39.2481,77.63,10.51
Laredo,90,US,1618515750,62,27.5064,-99.5075,87.8,12.66
Coyhaique,75,CL,1618515861,58,-45.5752,-72.0662,55.4,3.44
North Bend,1,US,1618515862,58,43.4065,-124.2243,72.0,9.22
Umm Kaddadah,17,SD,1618515862,5,13.6017,26.6876,77.41,12.46
Belmopan,40,BZ,1618515862,44,17.25,-88.7667,96.8,6.91
Tomatlán,0,MX,1618515863,28,19.9333,-105.25,93.02,12.19
Zhezkazgan,0,KZ,1618515863,45,47.8043,67.7144,52.95,12.28
Fort Abbas,83,PK,1618515863,39,29.1925,72.8536,79.38,16.44
Poroszló,90,HU,1618515864,81,47.65,20.6667,41.0,4.61
Avera,75,US,1618515864,60,33.194,-82.5271,73.4,13.8
Bonoua,20,CI,1618515864,79,5.2741,-3.595,84.2,10.36
Buchanan,20,LR,1618515865,83,5.8808,-10.0467,82.4,5.75
Bay Roberts,100,CA,1618515865,85,47.5999,-53.2648,35.01,11.01
Registro,96,BR,1618515865,81,-24.4875,-47.8436,72.18,2.75
Manzhouli,100,CN,1618515866,47,49.6,117.4333,31.55,15.03
Clarence Town,6,AU,1618515866,77,-32.5833,151.7833,60.01,6.91
Saint-Pierre,0,RE,1618515866,78,-21.3393,55.4781,77.0,5.75
Cockburn Town,20,TC,1618515670,53,21.4612,-71.1419,78.8,6.91
Ubari,100,LY,1618515867,11,26.5921,12.7805,89.49,12.39
Evensk,100,RU,1618515868,95,61.95,159.2333,22.23,3.94
Salihli,60,TR,1618515736,70,38.4826,28.1477,59.0,3.2
